adr,arps,avg_goal_success,cost_return_per_episode_mean,cost_return_per_episode_std,cost_value,cost_value_loss,entropy,grad_norm,lag_loss,lagrangian,num_steps,num_steps_per_episode_mean,num_steps_per_episode_std,policy_loss,remaining,return_per_episode_mean,return_per_episode_std,sps,success_per_episode_mean,success_per_episode_std,value,value_loss,violation_per_episode_mean,violation_per_episode_std
0.0,0.0,{},0.0,0.0,-0.08739912025339436,0.0750745294499211,1.1841996982693672,0.5198433727533728,-0.10006461812008638,2.1586699350737035,32768,0.0,0.0,0.11978587342309766,4:04:48,0.0,0.0,338.1614152584218,0.0,0.0,0.47653414658270776,0.0006521719376451074,0.0,0.0
0.0,0.0,"{((frozenset({surface_0}), frozenset()),) x 0: 0.0}",0.0,0.0,8.566344376959023e-06,0.000134244976663922,1.3042970318347216,0.1675098392604552,-0.10797776217805222,4.105567269027233,65536,2500.0,0.0,0.1307205431512557,4:21:54,0.0,0.0,314.00618428282763,0.0,0.0,0.4556020109448582,0.0010163042919089094,0.0,0.0
0.0,0.0,"{((frozenset({entrapped_0}), frozenset({surface_0})),) x 0: 0.0}",0.0,0.0,4.301160197428544e-05,5.680718115286254e-05,1.3939646044746041,0.11705582621815686,-0.05706505768466741,4.72333188354969,98304,2500.0,0.0,0.07865438959561288,4:18:16,0.0,0.0,316.30922548012467,0.0,0.0,0.4348603799007833,0.0009262046845606164,0.0,0.0
0.0,0.0,"{((frozenset({surface_0}), frozenset()),) x 0: 0.0, ((frozenset({entrapped_0}), frozenset({surface_0})),) x 0: 0.0}",0.23529411764705882,0.42418250299576343,0.06265401096607093,0.06455079754232429,1.4635471599176526,0.40478088291802256,-0.06177414083504118,4.993744932115078,131072,2270.0,560.7351267335953,0.08258689002832398,4:52:32,0.0,0.0,277.3904530803494,0.0,0.0,0.41427073697559536,0.0008947810304675841,0.058823529411764705,0.23529411764705882
0.0,0.0,"{((frozenset({entrapped_0}), frozenset({surface_0})),) x 0: 0.0}",0.0625,0.24206145913796356,-4.375717048787919e-05,0.0005094415337225655,1.5066310605034232,0.14995420328218526,-0.046129551315971185,4.991343028843403,163840,2362.875,531.082841348692,0.06534966785693541,4:27:34,0.0,0.0,301.2253476949748,0.0,0.0,0.3894999180920422,0.000698779550404538,0.0625,0.24206145913796356
0.020733495352408805,0.00012799705345747066,"{((frozenset({surface_0}), frozenset({entrapped_0})),) x 0: 0.12, ((frozenset({entrapped_0}), frozenset()),) x 0: 0.0, ((frozenset({entrapped_0}), frozenset({surface_0})),) x 0: 0.0}",0.8666666666666667,0.33993463423951903,0.2027759561315179,0.4364014263264835,1.5738918771967292,1.3552826907951674,-0.06733642256585881,4.999537821859121,196608,1042.3666666666666,462.91399369165276,0.08691562700551003,4:40:16,0.1,0.3,285.6424892580751,0.1,0.3,0.3653964982368052,0.0014639806548757406,0.1,0.30000000000000004
0.0,0.0,"{((frozenset({surface_0}), frozenset({entrapped_0})),) x 0: 0.0, ((frozenset({entrapped_0}), frozenset()),) x 0: 0.0, ((frozenset({entrapped_0}), frozenset({surface_0})),) x 0: 0.0}",0.75,0.4330127018922193,0.11858430557185784,0.1015460480703041,1.595712917856872,0.3392051945716641,-0.021384729607234476,4.999861367046833,229376,1477.4375,692.436185575068,0.03755445130809676,4:10:14,0.0,0.0,317.73043430030833,0.0,0.0,0.34930449933744967,0.00037459652855886816,0.125,0.33071891388307384
0.02715125316228405,0.00017316017316017316,"{((frozenset({entrapped_0}), frozenset({surface_0})),) x 0: 0.0, ((frozenset({surface_0}), frozenset({entrapped_0})),) x 0: 0.1111111111111111, ((frozenset({entrapped_0}), frozenset()),) x 0: 0.0, ((frozenset({surface_0}), frozenset()),) x 0: 1.0}",0.5,0.5,0.27476478938478976,0.2594772909069434,1.6134122647345066,0.6011848563778399,-0.03199570401920937,4.999965809285641,262144,1859.9583333333333,706.7044690655509,0.049170607177075,5:24:05,0.08333333333333333,0.2763853991962833,243.64778490212666,0.08333333333333333,0.2763853991962833,0.33197763259522617,0.000996764429828545,0.0,0.0
0.0,0.0,"{((frozenset({surface_0}), frozenset({entrapped_0})),) x 0: 0.0, ((frozenset({surface_0}), frozenset()),) x 0: 0.0}",0.75,0.4330127018922193,0.1307596968836151,0.0958612744580023,1.5900401566177607,0.4614298388374116,-6.687412042083452e-05,4.999960616230965,294912,1823.8125,577.4751313638969,0.014785944797154116,4:11:02,0.0,0.0,312.3774326523821,0.0,0.0,0.32036271202377975,0.0002524046257335044,0.0625,0.24206145913796356
0.031014834491427952,0.00017806267806267807,"{((frozenset({surface_0}), frozenset()),) x 0: 0.0, ((frozenset({surface_0}), frozenset({entrapped_0})),) x 0: 0.25, ((frozenset({entrapped_0}), frozenset()),) x 0: 0.0}",0.0,0.0,0.0030705804219905986,0.004231044707012188,1.6195949343964458,0.2804007558239191,-0.02686297442414798,4.9999930784106255,327680,2365.6875,520.1900756874837,0.04173278086818755,3:59:41,0.0625,0.24206145913796356,324.89522154988737,0.0625,0.24206145913796356,0.3035509465262294,0.000572565814067616,0.0,0.0
0.0,0.0,"{((frozenset({surface_0}), frozenset({entrapped_0})),) x 0: 0.0, ((frozenset({surface_0}), frozenset()),) x 0: 0.0, ((frozenset({entrapped_0}), frozenset()),) x 0: 0.0}",0.0,0.0,4.089395520168182e-05,0.0004599364597197564,1.6424485445022583,0.04808561162694262,-0.06165739192510955,5.00000000372529,360448,2478.0625,84.9635721574252,0.07591843162663281,4:39:38,0.0,0.0,276.51815790610374,0.0,0.0,0.28754786401987076,0.00037977697323299253,0.0,0.0
0.0,0.0,"{((frozenset({surface_0}), frozenset({entrapped_0})),) x 0: 0.0, ((frozenset({surface_0}), frozenset()),) x 0: 0.0, ((frozenset({entrapped_0}), frozenset()),) x 0: 0.0}",0.0,0.0,2.834832571352308e-06,3.098931679801353e-05,1.6830350067466497,0.01988462775092164,-0.06080626303446479,4.999951906502247,393216,2500.0,0.0,0.0738794002099894,5:40:24,0.0,0.0,225.5517712944078,0.0,0.0,0.2739283724222332,0.00029719157831209486,0.0,0.0
0.0,0.0,"{((frozenset({surface_0}), frozenset({entrapped_0})),) x 0: 0.0, ((frozenset({entrapped_0}), frozenset()),) x 0: 0.0}",0.0,0.0,9.246903118764749e-07,1.1729623327738636e-05,1.661478060297668,0.024158091668736833,-0.05984694373910315,4.999980870634317,425984,2500.0,0.0,0.0724025938543491,5:25:29,0.0,0.0,234.20508867323696,0.0,0.0,0.26213883608579636,0.0002730780626905016,0.0,0.0
0.0,0.0,"{((frozenset({entrapped_0}), frozenset()),) x 0: 0.0, ((frozenset({surface_0}), frozenset({entrapped_0})),) x 0: 0.0}",0.0,0.0,1.4701014151796699e-05,8.083810133285851e-06,1.6895454227924347,0.05002974374210202,-0.05997758769080974,5.0,458752,2500.0,0.0,0.07229054038180038,4:48:16,0.0,0.0,262.5576827937392,0.0,0.0,0.2508954891236499,0.00026823062764336214,0.0,0.0
0.0,0.0,"{((frozenset({surface_0}), frozenset({entrapped_0})),) x 0: 0.0, ((frozenset({entrapped_0}), frozenset({surface_0})),) x 0: 0.0, ((frozenset({entrapped_0}), frozenset()),) x 0: 0.0}",0.0,0.0,1.1007731586687441e-05,4.660738689210575e-06,1.6882961941882968,0.04432831253551555,-0.05952187572256662,5.0,491520,2500.0,0.0,0.0706613400252536,5:23:18,0.0,0.0,232.41008761074752,0.0,0.0,0.24138526746537536,0.000178915806994695,0.0,0.0
0.0,0.0,"{((frozenset({entrapped_0}), frozenset()),) x 0: 0.0, ((frozenset({surface_0}), frozenset({entrapped_0})),) x 0: 0.0}",0.0,0.0,-8.82762151377392e-07,4.965634271769659e-06,1.688637075945735,0.04010078809311338,-0.06015485600801185,5.0,524288,2500.0,0.0,0.07138476916588843,5:15:29,0.0,0.0,236.44552620549126,0.0,0.0,0.2304304731078446,0.00022440947064694683,0.0,0.0
0.0,0.0,"{((frozenset({surface_0}), frozenset({entrapped_0})),) x 0: 0.0, ((frozenset({entrapped_0}), frozenset()),) x 0: 0.0}",0.0,0.0,1.6804603319542366e-05,1.180148934665226e-05,1.6839620973914862,0.06779379336730154,-0.0597718310309574,5.0,557056,2500.0,0.0,0.07077805628068745,3:53:36,0.0,0.0,316.98672822923004,0.0,0.0,0.21810975787229836,0.00021874433146251704,0.0,0.0
0.0,0.0,"{((frozenset({surface_0}), frozenset({entrapped_0})),) x 0: 0.0, ((frozenset({entrapped_0}), frozenset()),) x 0: 0.0, ((frozenset({entrapped_0}), frozenset({surface_0})),) x 0: 0.0, ((frozenset({surface_0}), frozenset()),) x 0: 0.0}",0.0,0.0,1.904288637888385e-08,7.385157651640384e-06,1.679692478850484,0.06477474777125873,-0.05974551258259453,5.00000000372529,589824,2500.0,0.0,0.06970515928696841,4:26:16,0.0,0.0,276.04339251195864,0.0,0.0,0.20599368296097964,0.00016845146796384824,0.0,0.0
0.0,0.0,"{((frozenset({surface_0}), frozenset({entrapped_0})),) x 0: 0.0, ((frozenset({surface_0}), frozenset()),) x 0: 0.0, ((frozenset({entrapped_0}), frozenset()),) x 0: 0.0}",0.0,0.0,-5.22822620041552e-06,7.467266078364787e-06,1.6871920432895422,0.08045757026905007,-0.059988800348946825,4.999999348074198,622592,2500.0,0.0,0.06973147680400871,3:54:42,0.0,0.0,310.84718835118434,0.0,0.0,0.19611322577111423,0.00015967761628132848,0.0,0.0
0.0,0.0,"{((frozenset({surface_0}), frozenset({entrapped_0})),) x 0: 0.0, ((frozenset({entrapped_0}), frozenset()),) x 0: 0.0}",0.0,0.0,3.190511961292941e-07,6.101947558789789e-06,1.6884698793292046,0.07691576869155121,-0.059620963264023885,5.0,655360,2500.0,0.0,0.06817113739089109,3:59:46,0.0,0.0,302.0034350954958,0.0,0.0,0.18833790044300258,9.063123648012095e-05,0.0,0.0
0.0,0.0,"{((frozenset({surface_0}), frozenset({entrapped_0})),) x 0: 0.0, ((frozenset({entrapped_0}), frozenset()),) x 0: 0.0, ((frozenset({entrapped_0}), frozenset({surface_0})),) x 0: 0.0}",0.0,0.0,6.677820806544332e-06,6.1641274804458135e-06,1.6895886035636067,0.07412670770671535,-0.05991890397854149,5.00000000372529,688128,2500.0,0.0,0.06881065250490792,4:19:09,0.0,0.0,277.30374513201264,0.0,0.0,0.17906752321869135,0.00014611404277786733,0.0,0.0
0.0,0.0,"{((frozenset({surface_0}), frozenset({entrapped_0})),) x 0: 0.0, ((frozenset({surface_0}), frozenset()),) x 0: 0.0}",0.0,0.0,1.3060011951893102e-06,4.68992723945405e-06,1.690318126231432,0.07177436967544559,-0.05996222730027512,5.0,720896,2500.0,0.0,0.06855098658706993,3:52:59,0.0,0.0,306.10775405954945,0.0,0.0,0.17096526047680527,0.0001336059883279006,0.0,0.0
0.0,0.0,"{((frozenset({entrapped_0}), frozenset({surface_0})),) x 0: 0.0, ((frozenset({surface_0}), frozenset()),) x 0: 0.0, ((frozenset({surface_0}), frozenset({entrapped_0})),) x 0: 0.0, ((frozenset({entrapped_0}), frozenset()),) x 0: 0.0}",0.0,0.0,-3.0753776201208893e-06,7.583386814502546e-06,1.6903464496135712,0.07001209579533671,-0.060522789834067225,5.00000000372529,753664,2500.0,0.0,0.0684170606546104,3:43:55,0.0,0.0,316.0498607313063,0.0,0.0,0.16389723343309015,0.00010943909198957158,0.0,0.0
0.0,0.0,"{((frozenset({entrapped_0}), frozenset({surface_0})),) x 0: 0.0, ((frozenset({surface_0}), frozenset({entrapped_0})),) x 0: 0.0}",0.0,0.0,-5.565405899687903e-06,5.408038768806023e-06,1.6909529799595475,0.06673898982027417,-0.06001876466325484,5.00000000372529,786432,2500.0,0.0,0.06759550515562296,4:31:55,0.0,0.0,258.2612301229015,0.0,0.0,0.15633369504939765,9.701492412972357e-05,0.0,0.0
0.0,0.0,"{((frozenset({surface_0}), frozenset({entrapped_0})),) x 0: 0.0, ((frozenset({entrapped_0}), frozenset({surface_0})),) x 0: 0.0, ((frozenset({surface_0}), frozenset()),) x 0: 0.0, ((frozenset({entrapped_0}), frozenset()),) x 0: 0.0}",0.0,0.0,-5.905794523641816e-06,2.6730796127694134e-06,1.6911547807976604,0.05142625728101353,-0.060133871738798916,5.00000000372529,819200,2500.0,0.0,0.06743709809961729,4:02:51,0.0,0.0,286.9160547562167,0.0,0.0,0.14932114770635962,9.503964908397222e-05,0.0,0.0
0.004282277442095461,4.664179104477612e-05,"{((frozenset({surface_0}), frozenset()),) x 0: 0.3333333333333333, ((frozenset({surface_0}), frozenset({entrapped_0})),) x 0: 0.0, ((frozenset({entrapped_0}), frozenset()),) x 0: 0.0}",0.0,0.0,3.9983428905543406e-06,3.792291687787497e-06,1.6911098845303059,0.08476779436641843,-0.05996476885047741,5.0,851968,2427.5,280.7912926000377,0.0662277239607647,5:11:15,0.0625,0.24206145913796356,222.1154400879174,0.0625,0.24206145913796356,0.14335232600569725,0.0002810055743811546,0.0,0.0
0.0,0.0,"{((frozenset({surface_0}), frozenset()),) x 0: 0.0, ((frozenset({entrapped_0}), frozenset()),) x 0: 0.0, ((frozenset({entrapped_0}), frozenset({surface_0})),) x 0: 0.0, ((frozenset({surface_0}), frozenset({entrapped_0})),) x 0: 0.0}",0.0,0.0,-1.2095663350919494e-06,3.6992083920495133e-06,1.691196653060615,0.057718106100262644,-0.059873439226066694,5.00000000372529,884736,2416.25,324.36235524487114,0.06675167829962447,4:13:52,0.0,0.0,270.16934481080057,0.0,0.0,0.13835809216834605,8.404788052729373e-05,0.0,0.0
0.039257299264078005,0.0002897710808461316,"{((frozenset({entrapped_0}), frozenset()),) x 0: 0.0, ((frozenset({entrapped_0}), frozenset({surface_0})),) x 0: 0.0, ((frozenset({surface_0}), frozenset({entrapped_0})),) x 0: 0.5, ((frozenset({surface_0}), frozenset()),) x 0: 0.0}",0.058823529411764705,0.23529411764705885,0.007069544115893223,0.006344331456261898,1.6913790423423052,0.11540527539869293,-0.0605925080308225,4.999998487532139,917504,2327.235294117647,551.9163970589753,0.06673199302167632,4:02:15,0.058823529411764705,0.23529411764705885,280.86842085467254,0.058823529411764705,0.23529411764705885,0.13273772690445185,0.0003124565960597181,0.058823529411764705,0.23529411764705885
0.0,0.0,"{((frozenset({entrapped_0}), frozenset()),) x 0: 0.0, ((frozenset({surface_0}), frozenset({entrapped_0})),) x 0: 0.0, ((frozenset({surface_0}), frozenset()),) x 0: 0.0, ((frozenset({entrapped_0}), frozenset({surface_0})),) x 0: 0.0}",0.0,0.0,9.84718212748703e-07,5.035666913499881e-05,1.690881378017366,0.06362062408458469,-0.06049659740529023,5.0,950272,2487.3125,49.138476205006604,0.06654286256525666,4:13:53,0.0,0.0,265.84489305518565,0.0,0.0,0.1246890623588115,6.182767064633055e-05,0.0,0.0
0.0,0.0,"{((frozenset({surface_0}), frozenset({entrapped_0})),) x 0: 0.0, ((frozenset({surface_0}), frozenset()),) x 0: 0.0, ((frozenset({entrapped_0}), frozenset({surface_0})),) x 0: 0.0, ((frozenset({entrapped_0}), frozenset()),) x 0: 0.0}",0.0,0.0,1.7629128024054808e-05,1.6498362320760407e-05,1.6910482281818986,0.0725450739221283,-0.05977979098679498,5.00000000372529,983040,2500.0,0.0,0.06563651157193817,4:16:14,0.0,0.0,261.2691553665819,0.0,0.0,0.11901225766632706,5.6347521619315444e-05,0.0,0.0
0.0,0.0,"{((frozenset({surface_0}), frozenset()),) x 0: 0.0, ((frozenset({entrapped_0}), frozenset({surface_0})),) x 0: 0.0}",0.0625,0.24206145913796356,0.0031974041287412547,0.0031185256688459617,1.6906286589801311,0.09958333873001844,-0.05987035811995156,5.0,1015808,2350.25,579.9792560945607,0.06515002413652837,3:51:59,0.0,0.0,286.23046136455287,0.0,0.0,0.11343412852147594,4.041427969614375e-05,0.0625,0.24206145913796356
0.0,0.0,"{((frozenset({entrapped_0}), frozenset({surface_0})),) x 0: 0.0, ((frozenset({surface_0}), frozenset()),) x 0: 0.0, ((frozenset({surface_0}), frozenset({entrapped_0})),) x 0: 0.0, ((frozenset({entrapped_0}), frozenset()),) x 0: 0.0}",0.0,0.0,1.2408255315676797e-05,2.10474134334504e-05,1.6899923784658313,0.06811886123871058,-0.0607618220965378,5.0,1048576,2500.0,0.0,0.06611179036553949,3:48:27,0.0,0.0,288.26762688371133,0.0,0.0,0.10817651718389243,5.3281700013840805e-05,0.0,0.0
0.0,0.0,"{((frozenset({surface_0}), frozenset()),) x 0: 0.0, ((frozenset({entrapped_0}), frozenset({surface_0})),) x 0: 0.0, ((frozenset({surface_0}), frozenset({entrapped_0})),) x 0: 0.0, ((frozenset({entrapped_0}), frozenset()),) x 0: 0.0}",0.0,0.0,9.707767958389013e-06,8.163968736596416e-06,1.6904038041830063,0.07577290982224202,-0.06068190687801689,5.0,1081344,2500.0,0.0,0.06570874666795135,3:25:23,0.0,0.0,317.9949106544571,0.0,0.0,0.10266317491186783,4.451329922261493e-05,0.0,0.0
0.0,0.0,"{((frozenset({surface_0}), frozenset({entrapped_0})),) x 0: 0.0, ((frozenset({surface_0}), frozenset()),) x 0: 0.0, ((frozenset({entrapped_0}), frozenset({surface_0})),) x 0: 0.0}",0.0,0.0,2.795910631903098e-07,4.648650628880091e-06,1.6909587774425745,0.04729258026209837,-0.06042167477426119,5.0,1114112,2500.0,0.0,0.06516266308608465,4:31:31,0.0,0.0,238.52742092731924,0.0,0.0,0.09871312964241952,3.8710558241561444e-05,0.0,0.0
0.015859912946674985,9.110787172011662e-05,"{((frozenset({surface_0}), frozenset({entrapped_0})),) x 0: 0.0, ((frozenset({entrapped_0}), frozenset({surface_0})),) x 0: 0.0, ((frozenset({surface_0}), frozenset()),) x 0: 0.16666666666666666}",0.0625,0.24206145913796356,0.007621787664220392,0.009007122701405024,1.6912766247987747,0.11723007113231745,-0.06044959483551793,5.0,1146880,2256.0,647.4044331019057,0.06458233235753141,4:27:32,0.0625,0.24206145913796356,240.0313118060993,0.0625,0.24206145913796356,0.09460704860975966,0.0002854772751472723,0.0625,0.24206145913796356
0.003177791894423475,4.1974479516454e-05,"{((frozenset({entrapped_0}), frozenset({surface_0})),) x 0: 0.0, ((frozenset({entrapped_0}), frozenset()),) x 0: 0.0, ((frozenset({surface_0}), frozenset()),) x 0: 0.16666666666666666}",0.0,0.0,-6.3295804011431755e-06,0.00016487965592659748,1.691599354147911,0.09018230167001025,-0.06078212437569164,5.0,1179648,2300.875,438.4222957092853,0.06485796393826604,3:51:40,0.0625,0.24206145913796356,274.8344797981781,0.0625,0.24206145913796356,0.09060554642928764,0.0002850104974472245,0.0,0.0
0.0,0.0,"{((frozenset({surface_0}), frozenset()),) x 0: 0.0, ((frozenset({entrapped_0}), frozenset({surface_0})),) x 0: 0.0, ((frozenset({entrapped_0}), frozenset()),) x 0: 0.0}",0.0,0.0,-9.28601912164595e-06,8.51915734187969e-05,1.6916882190853357,0.06947219166802415,-0.05974685287219472,5.0,1212416,2500.0,0.0,0.06384079490089789,3:59:59,0.0,0.0,263.04328343966745,0.0,0.0,0.08653329720254987,2.415136177758015e-05,0.0,0.0
0.0,0.0,"{((frozenset({entrapped_0}), frozenset()),) x 0: 0.0, ((frozenset({surface_0}), frozenset()),) x 0: 0.0, ((frozenset({surface_0}), frozenset({entrapped_0})),) x 0: 0.0, ((frozenset({entrapped_0}), frozenset({surface_0})),) x 0: 0.0}",0.0,0.0,5.665814114763634e-06,1.197654897922007e-05,1.6920090187340975,0.03517751865255958,-0.06025207630591467,5.0,1245184,2500.0,0.0,0.06422689530882053,5:16:56,0.0,0.0,197.4464870146628,0.0,0.0,0.08252338255988434,2.705937711566797e-05,0.0,0.0
0.0,0.0,"{((frozenset({surface_0}), frozenset()),) x 0: 0.0, ((frozenset({entrapped_0}), frozenset({surface_0})),) x 0: 0.0, ((frozenset({entrapped_0}), frozenset()),) x 0: 0.0}",0.0,0.0,-2.0619681890821084e-06,4.2020986690261e-06,1.6921257469803095,0.04242136836790278,-0.0606870454212185,5.0,1277952,2500.0,0.0,0.06453649039031006,5:12:26,0.0,0.0,198.5510506440483,0.0,0.0,0.0782655174843967,2.8056413336141617e-05,0.0,0.0
0.0,0.0,"{((frozenset({surface_0}), frozenset()),) x 0: 0.0, ((frozenset({entrapped_0}), frozenset()),) x 0: 0.0, ((frozenset({entrapped_0}), frozenset({surface_0})),) x 0: 0.0, ((frozenset({surface_0}), frozenset({entrapped_0})),) x 0: 0.0}",0.0,0.0,3.004854534083279e-06,6.619505475313758e-06,1.6921074111014605,0.05564056081418052,-0.06008314617793076,5.0,1310720,2500.0,0.0,0.06375199320609681,3:51:56,0.0,0.0,265.09526140174404,0.0,0.0,0.07488000812008977,2.325797744173741e-05,0.0,0.0
0.06101639049341969,0.004807692307692308,"{((frozenset({surface_0}), frozenset()),) x 0: 0.0, ((frozenset({surface_0}), frozenset({entrapped_0})),) x 0: 0.5, ((frozenset({entrapped_0}), frozenset()),) x 0: 0.0, ((frozenset({entrapped_0}), frozenset({surface_0})),) x 0: 0.0}",0.0,0.0,-9.283627605327638e-06,1.26249658300992e-05,1.6921020867303014,0.07732820435012946,-0.060091264836955816,5.0,1343488,2344.5625,602.0068488761153,0.0632802153704688,3:38:05,0.0625,0.24206145913796356,279.44143370031935,0.0625,0.24206145913796356,0.0710934276576154,0.00021510920669554068,0.0,0.0
0.0,0.0,"{((frozenset({surface_0}), frozenset()),) x 0: 0.0, ((frozenset({entrapped_0}), frozenset({surface_0})),) x 0: 0.0, ((frozenset({entrapped_0}), frozenset()),) x 0: 0.0, ((frozenset({surface_0}), frozenset({entrapped_0})),) x 0: 0.0}",0.0,0.0,-8.22920810605865e-06,7.981018137925844e-06,1.6920898146927357,0.050564678144845075,-0.05956060640164651,5.0,1376256,2499.1875,3.1467989687935263,0.06273811118444428,3:56:47,0.0,0.0,255.05879204112227,0.0,0.0,0.06835095235146582,1.4272462929287855e-05,0.0,0.0
0.0,0.0,"{((frozenset({surface_0}), frozenset({entrapped_0})),) x 0: 0.0, ((frozenset({surface_0}), frozenset()),) x 0: 0.0, ((frozenset({entrapped_0}), frozenset({surface_0})),) x 0: 0.0}",0.0,0.0,-6.002464601806423e-06,4.663666135940048e-06,1.6920402999967337,0.04262355710323637,-0.05991823133081198,5.00000000372529,1409024,2500.0,0.0,0.0630763835797552,3:45:12,0.0,0.0,265.75388459427097,0.0,0.0,0.0652796090580523,1.7523375366312877e-05,0.0,0.0
0.0,0.0,"{((frozenset({entrapped_0}), frozenset()),) x 0: 0.0, ((frozenset({surface_0}), frozenset()),) x 0: 0.0, ((frozenset({surface_0}), frozenset({entrapped_0})),) x 0: 0.0, ((frozenset({entrapped_0}), frozenset({surface_0})),) x 0: 0.0}",0.0,0.0,3.7440747746586567e-06,5.581828085965412e-06,1.6920511415228248,0.06258880542616294,-0.059536001936066896,5.00000000372529,1441792,2500.0,0.0,0.06262327032163739,3:34:59,0.0,0.0,275.8436294220467,0.0,0.0,0.06225795313366689,1.6413926767100406e-05,0.0,0.0
0.003053066603797908,4.14181577203446e-05,"{((frozenset({surface_0}), frozenset()),) x 0: 0.25, ((frozenset({entrapped_0}), frozenset()),) x 0: 0.0, ((frozenset({entrapped_0}), frozenset({surface_0})),) x 0: 0.0}",0.125,0.33071891388307384,0.0013837571391377423,0.0012593307720010216,1.6917299125343561,0.07652312213149344,-0.06062185511109419,5.0,1474560,2034.125,868.1009355915935,0.06302195537136868,3:11:35,0.0625,0.24206145913796356,306.6929634201835,0.0625,0.24206145913796356,0.05993662620312534,0.00028311224015631353,0.125,0.33071891388307384
0.028800464721988626,0.00016108247422680412,"{((frozenset({entrapped_0}), frozenset({surface_0})),) x 0: 0.0, ((frozenset({surface_0}), frozenset({entrapped_0})),) x 0: 1.0, ((frozenset({entrapped_0}), frozenset()),) x 0: 0.0, ((frozenset({surface_0}), frozenset()),) x 0: 0.0}",0.0625,0.24206145913796356,0.014165895689529862,0.012680256037128856,1.691659377887845,0.14519307130339978,-0.06050688540562987,5.00000000372529,1507328,2177.3125,682.3375922838709,0.06283064215676859,2:39:58,0.0625,0.24206145913796356,363.8810937776031,0.0625,0.24206145913796356,0.05865095683839172,0.0002821082921085072,0.0625,0.24206145913796356
0.0,0.0,"{((frozenset({entrapped_0}), frozenset()),) x 0: 0.0, ((frozenset({surface_0}), frozenset()),) x 0: 0.0, ((frozenset({entrapped_0}), frozenset({surface_0})),) x 0: 0.0, ((frozenset({surface_0}), frozenset({entrapped_0})),) x 0: 0.0}",0.0,0.0,0.00013590520370598824,4.62932033258312e-05,1.6915702633559704,0.0667112709127479,-0.05371857274440117,5.00000000372529,1540096,2475.75,93.91984614552986,0.056523308565374464,2:40:20,0.0,0.0,359.6233397031597,0.0,0.0,0.055418261035811156,1.5163547006480371e-05,0.0,0.0
0.0,0.0,"{((frozenset({entrapped_0}), frozenset()),) x 0: 0.0, ((frozenset({surface_0}), frozenset()),) x 0: 0.0, ((frozenset({entrapped_0}), frozenset({surface_0})),) x 0: 0.0, ((frozenset({surface_0}), frozenset({entrapped_0})),) x 0: 0.0}",0.0,0.0,-1.650992885515734e-05,7.567233677008289e-06,1.6917856745421886,0.0974778494824165,-0.05968657074845396,5.0,1572864,2500.0,0.0,0.06214060614001937,3:15:59,0.0,0.0,291.4370753756356,0.0,0.0,0.05247845221310854,7.713331696912462e-06,0.0,0.0
0.0032746684353284735,4.240162822252374e-05,"{((frozenset({entrapped_0}), frozenset()),) x 0: 0.0, ((frozenset({surface_0}), frozenset()),) x 0: 0.25, ((frozenset({entrapped_0}), frozenset({surface_0})),) x 0: 0.0}",0.0,0.0,1.9329353108332725e-05,1.7749432117852848e-05,1.6916715204715729,0.08238605900844609,-0.06004731735447422,5.0,1605632,2435.875,248.3550570755506,0.061944182321894914,3:28:57,0.0625,0.24206145913796356,270.74081776480193,0.0625,0.24206145913796356,0.05100852242321707,0.00028104771963732844,0.0,0.0
0.010047643389665453,6.838074398249453e-05,"{((frozenset({entrapped_0}), frozenset()),) x 0: 0.0, ((frozenset({surface_0}), frozenset()),) x 0: 0.0, ((frozenset({entrapped_0}), frozenset({surface_0})),) x 0: 0.0, ((frozenset({surface_0}), frozenset({entrapped_0})),) x 0: 1.0}",0.0,0.0,2.9544341941800667e-06,1.327371138515332e-05,1.6918493816629052,0.1002038490146988,-0.06057109092944302,5.0,1638400,2308.75,506.38714191811783,0.062426678923657164,3:47:36,0.0625,0.24206145913796356,246.15854076163222,0.0625,0.24206145913796356,0.04867542040301487,0.0002830316802011623,0.0,0.0
0.0,0.0,"{((frozenset({surface_0}), frozenset()),) x 0: 0.0, ((frozenset({entrapped_0}), frozenset()),) x 0: 0.0, ((frozenset({entrapped_0}), frozenset({surface_0})),) x 0: 0.0}",0.0,0.0,-1.77961799181503e-05,1.2302898127813933e-05,1.6918575298041105,0.088642483529251,-0.06050416233483702,5.00000000372529,1671168,2442.875,221.24417365209868,0.06273690279340371,3:23:38,0.0,0.0,272.43537937713296,0.0,0.0,0.046284888085210696,8.90728408231567e-06,0.0,0.0
0.0,0.0,"{((frozenset({surface_0}), frozenset()),) x 0: 0.0, ((frozenset({entrapped_0}), frozenset({surface_0})),) x 0: 0.0, ((frozenset({entrapped_0}), frozenset()),) x 0: 0.0, ((frozenset({surface_0}), frozenset({entrapped_0})),) x 0: 0.0}",0.0,0.0,1.173355713035562e-05,8.743275774492076e-06,1.6918219896033406,0.09728260381201463,-0.06011562451021746,5.0,1703936,2500.0,0.0,0.06233798462199047,3:22:48,0.0,0.0,270.86499544766366,0.0,0.0,0.04399283349630423,8.455421938391439e-06,0.0,0.0
0.0,0.0,"{((frozenset({entrapped_0}), frozenset({surface_0})),) x 0: 0.0, ((frozenset({entrapped_0}), frozenset()),) x 0: 0.0, ((frozenset({surface_0}), frozenset({entrapped_0})),) x 0: 0.0, ((frozenset({surface_0}), frozenset()),) x 0: 0.0}",0.0,0.0,-5.7697711781656835e-06,1.0481328548195279e-05,1.6918424786999822,0.09252160295674139,-0.06009980203816667,5.00000000372529,1736704,2500.0,0.0,0.06209509677137248,3:13:08,0.0,0.0,281.5870478150392,0.0,0.0,0.04218695141025819,6.3023061471767505e-06,0.0,0.0
0.0,0.0,"{((frozenset({entrapped_0}), frozenset()),) x 0: 0.0, ((frozenset({entrapped_0}), frozenset({surface_0})),) x 0: 0.0, ((frozenset({surface_0}), frozenset()),) x 0: 0.0}",0.0,0.0,4.1676299360915436e-05,2.2666899234025095e-05,1.691876882687211,0.10882012146308545,-0.05922654308960773,5.0,1769472,2500.0,0.0,0.06121464050374925,3:08:02,0.0,0.0,286.3428042360615,0.0,0.0,0.04078936472069472,6.43388976540038e-06,0.0,0.0
0.0,0.0,"{((frozenset({entrapped_0}), frozenset({surface_0})),) x 0: 0.0, ((frozenset({surface_0}), frozenset()),) x 0: 0.0, ((frozenset({surface_0}), frozenset({entrapped_0})),) x 0: 0.0, ((frozenset({entrapped_0}), frozenset()),) x 0: 0.0}",0.0,0.0,-6.980045554882963e-06,1.7069293264171392e-05,1.6918922560289502,0.08168586757256174,-0.06009160014218651,5.00000000372529,1802240,2500.0,0.0,0.06197985220933333,3:11:42,0.0,0.0,277.9990512198786,0.0,0.0,0.038870055170264095,6.464414105344929e-06,0.0,0.0
0.058856747122346904,0.0020161290322580645,"{((frozenset({entrapped_0}), frozenset({surface_0})),) x 0: 0.0, ((frozenset({entrapped_0}), frozenset()),) x 0: 0.0, ((frozenset({surface_0}), frozenset()),) x 0: 0.5, ((frozenset({surface_0}), frozenset({entrapped_0})),) x 0: 0.0}",0.0625,0.24206145913796356,0.02916691905738844,0.03298472189635504,1.6918662106618285,0.2519391053395191,-0.060682769981212914,5.0,1835008,2295.6875,615.8359885909153,0.062052715627942234,3:00:57,0.0625,0.24206145913796356,291.50143569049817,0.0625,0.24206145913796356,0.037397011066786945,0.0002754355168490541,0.0625,0.24206145913796356
0.058856747122346904,0.0020161290322580645,"{((frozenset({entrapped_0}), frozenset({surface_0})),) x 0: 0.0, ((frozenset({entrapped_0}), frozenset()),) x 0: 0.0, ((frozenset({surface_0}), frozenset()),) x 0: 0.0, ((frozenset({surface_0}), frozenset({entrapped_0})),) x 0: 0.0}",0.0,0.0,0.0001935392654104362,4.5315436068449344e-05,1.6919082906097174,0.0872170334910774,-0.0513478051580023,5.00000000372529,1867776,2345.6875,597.6497426116321,0.053065865038661286,3:16:06,0.0625,0.24206145913796356,266.2095582967558,0.0625,0.24206145913796356,0.03500244376482442,5.315841492326001e-06,0.0,0.0
